Model and Mult,Multiplier,Brand,process_size,transistors,frequency,tdp,memory_bandwidth,#_of_cores,year,time,launch_price,market
AMD A10-7850K APU x 1,1,AMD,28,2411.0,3.7,95,,4.0,2014,7,,Desktop
AMD A10-7870K Radeon R7 12 Compute Cores 4C+8G x 1,1,AMD,28,2411.0,3.9,95,34.1,4.0,2015,8,,Desktop
AMD A6-3410MX APU x 1,1,AMD,32,1178.0,,45,,4.0,2011,4,,Mobile
AMD Athlon 3000G x 1,1,AMD,14,4950.0,3.5,35,42.7,2.0,2019,12,49.0,Desktop
AMD EPYC 4124P x 1,1,AMD,5,6570.0,3.8,65,83.2,4.0,2024,17,149.0,Server/Workstation
AMD EPYC 4244P x 1,1,AMD,5,6570.0,3.8,65,83.2,6.0,2024,17,229.0,Server/Workstation
AMD EPYC 4245P x 1,1,AMD,4,8315.0,3.9,65,89.6,6.0,2025,18,239.0,Server/Workstation
AMD EPYC 4344P x 1,1,AMD,5,6570.0,3.8,65,83.2,8.0,2024,17,329.0,Server/Workstation
AMD EPYC 4345P x 1,1,AMD,4,8315.0,3.8,65,89.6,8.0,2025,18,329.0,Server/Workstation
AMD EPYC 4364P x 1,1,AMD,5,6570.0,4.5,105,83.2,8.0,2024,17,399.0,Server/Workstation
AMD EPYC 4464P x 1,1,AMD,5,13140.0,3.7,65,83.2,12.0,2024,17,429.0,Server/Workstation
AMD EPYC 4465P x 1,1,AMD,4,16630.0,3.4,65,89.6,12.0,2025,18,399.0,Server/Workstation
AMD EPYC 4484PX x 1,1,AMD,5,17840.0,4.4,120,83.2,12.0,2024,17,599.0,Server/Workstation
AMD EPYC 4545P x 1,1,AMD,4,16630.0,3.0,65,89.6,16.0,2025,18,549.0,Server/Workstation
AMD EPYC 4564P x 1,1,AMD,5,13140.0,4.5,170,83.2,16.0,2024,17,699.0,Server/Workstation
AMD EPYC 4565P x 1,1,AMD,4,16630.0,4.3,170,89.6,16.0,2025,18,589.0,Server/Workstation
AMD EPYC 4584PX x 1,1,AMD,5,17840.0,4.2,120,83.2,16.0,2024,17,699.0,Server/Workstation
AMD EPYC 4585PX x 1,1,AMD,4,16630.0,4.3,170,89.6,16.0,2025,18,699.0,Server/Workstation
AMD EPYC 7232P x 1,1,AMD,7,7600.0,3.1,120,85.3,8.0,2019,12,450.0,Server/Workstation
AMD EPYC 7251 x 1,1,AMD,14,4800.0,2.1,120,153.6,8.0,2017,10,,Server/Workstation
AMD EPYC 7252 x 1,1,AMD,7,7600.0,3.1,120,85.3,8.0,2019,12,475.0,Server/Workstation
AMD EPYC 7262 x 1,1,AMD,7,15200.0,3.2,155,204.8,8.0,2019,12,575.0,Server/Workstation
AMD EPYC 7272 x 1,1,AMD,7,7600.0,2.9,120,85.3,12.0,2019,12,625.0,Server/Workstation
AMD EPYC 7282 x 1,1,AMD,7,7600.0,2.8,120,85.3,16.0,2019,12,650.0,Server/Workstation
AMD EPYC 72F3 x 1,1,AMD,7,33200.0,3.7,180,204.8,8.0,2021,14,2468.0,Server/Workstation
AMD EPYC 72F3 x 2,2,AMD,7,33200.0,3.7,180,204.8,8.0,2021,14,2468.0,Server/Workstation
AMD EPYC 7302 x 1,1,AMD,7,15200.0,3.0,155,204.8,16.0,2019,12,978.0,Server/Workstation
AMD EPYC 7302P x 1,1,AMD,7,15200.0,3.0,155,204.8,16.0,2019,12,825.0,Server/Workstation
AMD EPYC 7303 x 2,2,AMD,7,8300.0,2.4,130,204.8,16.0,2023,16,604.0,Server/Workstation
AMD EPYC 7313 x 1,1,AMD,7,16600.0,3.0,155,204.8,16.0,2021,14,1083.0,Server/Workstation
AMD EPYC 7313 x 2,2,AMD,7,16600.0,3.0,155,204.8,16.0,2021,14,1083.0,Server/Workstation
AMD EPYC 7313P x 1,1,AMD,7,16600.0,3.0,155,204.8,16.0,2021,14,913.0,Server/Workstation
AMD EPYC 7343 x 1,1,AMD,7,16600.0,3.2,190,204.8,16.0,2021,14,1565.0,Server/Workstation
AMD EPYC 7343 x 2,2,AMD,7,16600.0,3.2,190,204.8,16.0,2021,14,1565.0,Server/Workstation
AMD EPYC 7351P x 1,1,AMD,14,4800.0,2.4,170,170.6,16.0,2017,10,,Server/Workstation
AMD EPYC 7352 x 1,1,AMD,7,15200.0,2.3,155,204.8,24.0,2019,12,1350.0,Server/Workstation
AMD EPYC 7373X x 1,1,AMD,7,33200.0,3.05,240,204.8,16.0,2022,15,4185.0,Server/Workstation
AMD EPYC 7373X x 2,2,AMD,7,33200.0,3.05,240,204.8,16.0,2022,15,4185.0,Server/Workstation
AMD EPYC 73F3 x 1,1,AMD,7,33200.0,3.5,240,204.8,16.0,2021,14,3521.0,Server/Workstation
AMD EPYC 73F3 x 2,2,AMD,7,33200.0,3.5,240,204.8,16.0,2021,14,3521.0,Server/Workstation
AMD EPYC 7402 x 2,2,AMD,7,15200.0,2.8,180,204.8,24.0,2019,12,1783.0,Server/Workstation
AMD EPYC 7402P x 1,1,AMD,7,3800.0,2.8,180,204.8,24.0,2019,12,1280.0,Server/Workstation
AMD EPYC 7413 x 1,1,AMD,7,16600.0,2.65,180,204.8,24.0,2021,14,1825.0,Server/Workstation
AMD EPYC 7443 x 1,1,AMD,7,16600.0,2.85,200,204.8,24.0,2021,14,2010.0,Server/Workstation
AMD EPYC 7443 x 2,2,AMD,7,16600.0,2.85,200,204.8,24.0,2021,14,2010.0,Server/Workstation
AMD EPYC 7452 x 1,1,AMD,7,3800.0,2.2,155,204.8,32.0,2019,12,,Server/Workstation
AMD EPYC 7453 x 1,1,AMD,7,16600.0,2.75,225,204.8,28.0,2021,14,1570.0,Server/Workstation
AMD EPYC 7453 x 2,2,AMD,7,16600.0,2.75,225,204.8,28.0,2021,14,1570.0,Server/Workstation
AMD EPYC 7473X x 1,1,AMD,7,33200.0,2.8,240,204.8,24.0,2022,15,3900.0,Server/Workstation
AMD EPYC 74F3 x 1,1,AMD,7,33200.0,2.8,240,204.8,24.0,2021,14,2900.0,Server/Workstation
AMD EPYC 74F3 x 2,2,AMD,7,33200.0,2.8,240,204.8,24.0,2021,14,2900.0,Server/Workstation
AMD EPYC 7502 x 1,1,AMD,7,3800.0,2.5,180,204.8,32.0,2019,12,,Server/Workstation
AMD EPYC 7502 x 2,2,AMD,7,3800.0,2.5,180,204.8,32.0,2019,12,,Server/Workstation
AMD EPYC 7502P x 1,1,AMD,7,3800.0,2.5,180,204.8,32.0,2019,12,,Server/Workstation
AMD EPYC 7513 x 1,1,AMD,7,33200.0,2.6,200,204.8,32.0,2021,14,2840.0,Server/Workstation
AMD EPYC 7513 x 2,2,AMD,7,33200.0,2.6,200,204.8,32.0,2021,14,2840.0,Server/Workstation
AMD EPYC 7532 x 1,1,AMD,7,15200.0,2.3,155,204.8,24.0,2019,12,1350.0,Server/Workstation
AMD EPYC 7542 x 1,1,AMD,7,3800.0,2.9,225,204.8,32.0,2019,12,,Server/Workstation
AMD EPYC 7543 x 1,1,AMD,7,33200.0,2.8,225,204.8,32.0,2021,14,3761.0,Server/Workstation
AMD EPYC 7543 x 2,2,AMD,7,33200.0,2.8,225,204.8,32.0,2021,14,3761.0,Server/Workstation
AMD EPYC 7551 x 1,1,AMD,14,4800.0,,180,170.6,32.0,2017,10,,Server/Workstation
AMD EPYC 7551 x 2,2,AMD,14,4800.0,,180,170.6,32.0,2017,10,,Server/Workstation
AMD EPYC 7552 x 1,1,AMD,7,3800.0,2.2,200,204.8,48.0,2019,12,4025.0,Server/Workstation
AMD EPYC 7573X x 1,1,AMD,7,33200.0,2.8,280,204.8,32.0,2022,15,5590.0,Server/Workstation
AMD EPYC 7573X x 2,2,AMD,7,33200.0,2.8,280,204.8,32.0,2022,15,5590.0,Server/Workstation
AMD EPYC 75F3 x 1,1,AMD,7,33200.0,2.95,280,204.8,32.0,2021,14,4860.0,Server/Workstation
AMD EPYC 75F3 x 2,2,AMD,7,33200.0,2.95,280,204.8,32.0,2021,14,4860.0,Server/Workstation
AMD EPYC 7601 x 1,1,AMD,14,4800.0,2.2,180,170.6,32.0,2017,10,,Server/Workstation
AMD EPYC 7601 x 2,2,AMD,14,4800.0,2.2,180,170.6,32.0,2017,10,,Server/Workstation
AMD EPYC 7601 x 8,8,AMD,14,4800.0,2.2,180,170.6,32.0,2017,10,,Server/Workstation
AMD EPYC 7642 x 1,1,AMD,7,3800.0,2.4,225,204.8,48.0,2019,12,,Server/Workstation
AMD EPYC 7642 x 2,2,AMD,7,3800.0,2.4,225,204.8,48.0,2019,12,,Server/Workstation
AMD EPYC 7643 x 1,1,AMD,7,33200.0,2.3,225,204.8,48.0,2021,14,4995.0,Server/Workstation
AMD EPYC 7643 x 2,2,AMD,7,33200.0,2.3,225,204.8,48.0,2021,14,4995.0,Server/Workstation
AMD EPYC 7662 x 1,1,AMD,7,33200.0,,240,204.8,56.0,2021,14,6366.0,Server/Workstation
AMD EPYC 7663 x 1,1,AMD,7,33200.0,,240,204.8,56.0,2021,14,6366.0,Server/Workstation
AMD EPYC 7663 x 2,2,AMD,7,33200.0,,240,204.8,56.0,2021,14,6366.0,Server/Workstation
AMD EPYC 7663P x 1,1,AMD,7,33200.0,,240,204.8,56.0,2023,16,3139.0,Server/Workstation
AMD EPYC 7702 x 1,1,AMD,7,3800.0,,200,204.8,64.0,2019,12,,Server/Workstation
AMD EPYC 7713 x 1,1,AMD,7,33200.0,,225,204.8,64.0,2021,14,7060.0,Server/Workstation
AMD EPYC 7713 x 2,2,AMD,7,33200.0,,225,204.8,64.0,2021,14,7060.0,Server/Workstation
AMD EPYC 7713P x 1,1,AMD,7,33200.0,,225,204.8,64.0,2021,14,5010.0,Server/Workstation
AMD EPYC 7742 x 1,1,AMD,7,3800.0,2.25,225,204.8,64.0,2019,12,,Server/Workstation
AMD EPYC 7742 x 2,2,AMD,7,3800.0,2.25,225,204.8,64.0,2019,12,,Server/Workstation
AMD EPYC 7763 x 1,1,AMD,7,33200.0,2.45,280,204.8,64.0,2021,14,7890.0,Server/Workstation
AMD EPYC 7763 x 2,2,AMD,7,33200.0,2.45,280,204.8,64.0,2021,14,7890.0,Server/Workstation
AMD EPYC 7773X x 1,1,AMD,7,33200.0,2.2,280,204.8,64.0,2022,15,8800.0,Server/Workstation
AMD EPYC 7773X x 2,2,AMD,7,33200.0,2.2,280,204.8,64.0,2022,15,8800.0,Server/Workstation
AMD EPYC 7F32 x 1,1,AMD,7,15200.0,3.7,180,204.8,8.0,2020,13,2100.0,Server/Workstation
AMD EPYC 7F32 x 2,2,AMD,7,15200.0,3.7,180,204.8,8.0,2020,13,2100.0,Server/Workstation
AMD EPYC 7F52 x 1,1,AMD,7,3800.0,3.5,240,204.8,16.0,2020,13,,Server/Workstation
AMD EPYC 7F52 x 2,2,AMD,7,3800.0,3.5,240,204.8,16.0,2020,13,,Server/Workstation
AMD EPYC 7F72 x 1,1,AMD,7,3800.0,3.2,240,204.8,24.0,2020,13,,Server/Workstation
AMD EPYC 7F72 x 2,2,AMD,7,3800.0,3.2,240,204.8,24.0,2020,13,,Server/Workstation
AMD EPYC 7K62 x 2,2,AMD,7,15200.0,3.2,155,204.8,8.0,2019,12,575.0,Server/Workstation
AMD EPYC 7K83 x 1,1,AMD,14,4800.0,2.2,170,170.6,16.0,2017,10,,Server/Workstation
AMD EPYC 8534P x 1,1,AMD,5,35500.0,2.3,200,230.4,64.0,2023,16,4950.0,Server/Workstation
AMD EPYC 8534PN x 1,1,AMD,5,35500.0,,175,230.4,64.0,2023,16,5450.0,Server/Workstation
AMD EPYC 9184X x 2,2,AMD,5,90160.0,3.55,320,460.8,16.0,2023,16,4928.0,Server/Workstation
AMD EPYC 9374F x 1,1,AMD,5,52560.0,3.85,320,460.8,32.0,2022,15,4850.0,Server/Workstation
AMD EPYC 9374F x 2,2,AMD,5,52560.0,3.85,320,460.8,32.0,2022,15,4850.0,Server/Workstation
AMD EPYC 9384X x 1,1,AMD,5,90160.0,3.1,320,460.8,32.0,2023,16,5529.0,Server/Workstation
AMD EPYC 9384X x 2,2,AMD,5,90160.0,3.1,320,460.8,32.0,2023,16,5529.0,Server/Workstation
AMD EPYC 9534 x 2,2,AMD,5,52560.0,2.45,280,460.8,64.0,2022,15,8803.0,Server/Workstation
AMD EPYC 9554 x 1,1,AMD,5,52560.0,3.1,360,460.8,64.0,2022,15,9087.0,Server/Workstation
AMD EPYC 9554 x 2,2,AMD,5,52560.0,3.1,360,460.8,64.0,2022,15,9087.0,Server/Workstation
AMD EPYC 9575F x 1,1,AMD,4,66520.0,3.3,400,576.0,64.0,2024,17,11791.0,Server/Workstation
AMD EPYC 9575F x 2,2,AMD,4,66520.0,3.3,400,576.0,64.0,2024,17,11791.0,Server/Workstation
AMD EPYC 9634 x 1,1,AMD,5,78840.0,2.25,290,460.8,84.0,2022,15,10304.0,Server/Workstation
AMD EPYC 9634 x 2,2,AMD,5,78840.0,2.25,290,460.8,84.0,2022,15,10304.0,Server/Workstation
AMD EPYC 9654 x 1,1,AMD,5,78840.0,2.4,360,460.8,96.0,2022,15,11805.0,Server/Workstation
AMD EPYC 9654 x 2,2,AMD,5,78840.0,2.4,360,460.8,96.0,2022,15,11805.0,Server/Workstation
AMD EPYC 9655 x 1,1,AMD,4,99780.0,2.6,400,576.0,96.0,2024,17,11852.0,Server/Workstation
AMD EPYC 9655 x 2,2,AMD,4,99780.0,2.6,400,576.0,96.0,2024,17,11852.0,Server/Workstation
AMD EPYC 9655P x 1,1,AMD,4,99780.0,2.6,400,576.0,96.0,2024,17,10811.0,Server/Workstation
AMD EPYC 9684X x 1,1,AMD,5,135240.0,2.55,400,460.8,96.0,2023,16,14756.0,Server/Workstation
AMD EPYC 9684X x 2,2,AMD,5,135240.0,2.55,400,460.8,96.0,2023,16,14756.0,Server/Workstation
AMD EPYC 9754 x 1,1,AMD,5,71000.0,2.25,360,460.8,128.0,2023,16,11900.0,Server/Workstation
AMD EPYC 9754 x 2,2,AMD,5,71000.0,2.25,360,460.8,128.0,2023,16,11900.0,Server/Workstation
AMD EPYC 9755 x 1,1,AMD,4,133040.0,2.7,500,576.0,128.0,2024,17,12984.0,Server/Workstation
AMD EPYC 9755 x 2,2,AMD,4,133040.0,2.7,500,576.0,128.0,2024,17,12984.0,Server/Workstation
AMD EPYC 9845 x 1,1,AMD,3,,2.1,390,576.0,160.0,2024,17,13564.0,Server/Workstation
AMD EPYC 9965 x 1,1,AMD,3,,2.25,500,576.0,192.0,2024,17,14813.0,Server/Workstation
AMD EPYC 9965 x 2,2,AMD,3,,2.25,500,576.0,192.0,2024,17,14813.0,Server/Workstation
AMD FX-6300 Six-Core x 1,1,AMD,32,1200.0,3.5,95,29.9,6.0,2012,5,132.0,Desktop
AMD FX-8150 Eight-Core x 1,1,AMD,32,1200.0,3.6,125,,8.0,2011,4,,Desktop
AMD FX-8350 Eight-Core x 1,1,AMD,32,1200.0,4.0,125,29.9,8.0,2012,5,199.0,Desktop
AMD FX-8370 Eight-Core x 1,1,AMD,32,1200.0,4.0,125,29.9,8.0,2014,7,199.0,Desktop
AMD Phenom 9650 x 1,1,AMD,65,450.0,2.3,95,,4.0,2008,1,,Desktop
AMD Phenom II X3 720 x 1,1,AMD,45,758.0,2.8,95,21.3,3.0,2010,3,,Desktop
AMD RYZEN AI MAX PRO 390 x 1,1,AMD,4,,3.2,55,256.0,12.0,2025,18,,Mobile
AMD RYZEN AI MAX+ 395 x 1,1,AMD,4,,3.0,55,256.0,16.0,2025,18,,Mobile
AMD RYZEN AI MAX+ PRO 395 x 1,1,AMD,4,,3.0,55,256.0,16.0,2025,18,,Mobile
AMD Ryzen 3 1300X x 1,1,AMD,14,4800.0,3.4,65,42.7,4.0,2017,10,129.0,Desktop
AMD Ryzen 3 2200G x 1,1,AMD,14,4950.0,3.5,65,46.9,4.0,2018,11,99.0,Desktop
AMD Ryzen 3 3100 x 1,1,AMD,7,3800.0,3.6,65,51.2,4.0,2020,13,99.0,Desktop
AMD Ryzen 3 3200G x 1,1,AMD,12,4940.0,3.6,65,,4.0,2019,12,,Desktop
AMD Ryzen 3 3200U x 1,1,AMD,14,4940.0,2.6,15,38.4,2.0,2019,12,,Mobile
AMD Ryzen 3 3300X x 1,1,AMD,7,3800.0,3.8,65,51.2,4.0,2020,13,120.0,Desktop
AMD Ryzen 5 1500X x 1,1,AMD,14,4800.0,3.5,65,42.7,4.0,2017,10,189.0,Desktop
AMD Ryzen 5 1600 Six-Core x 1,1,AMD,6,,2.8,15,88.0,4.0,2023,16,,Mobile
AMD Ryzen 5 1600X Six-Core x 1,1,AMD,6,,2.8,15,88.0,4.0,2023,16,,Mobile
AMD Ryzen 5 2400G with Radeon Vega x 1,1,AMD,6,,2.8,15,88.0,4.0,2023,16,,Mobile
AMD Ryzen 5 2400G x 1,1,AMD,14,4950.0,3.6,65,46.9,4.0,2018,11,169.0,Desktop
AMD Ryzen 5 2600 Six-Core x 1,1,AMD,6,,2.8,15,88.0,4.0,2023,16,,Mobile
AMD Ryzen 5 2600X Six-Core x 1,1,AMD,6,,2.8,15,88.0,4.0,2023,16,,Mobile
AMD Ryzen 5 3400G x 1,1,AMD,12,4940.0,3.7,65,46.9,4.0,2019,12,149.0,Desktop
AMD Ryzen 5 3500U x 1,1,AMD,12,4940.0,2.1,15,,4.0,2019,12,,Mobile
AMD Ryzen 5 3500X x 1,1,AMD,7,3800.0,3.6,65,51.2,6.0,2019,12,,Desktop
AMD Ryzen 5 3600 x 1,1,AMD,7,3800.0,3.6,65,51.2,6.0,2019,12,199.0,Desktop
AMD Ryzen 5 3600X x 1,1,AMD,7,3800.0,3.8,95,51.2,6.0,2019,12,249.0,Desktop
AMD Ryzen 5 3600XT x 1,1,AMD,7,3800.0,3.8,95,51.2,6.0,2019,12,249.0,Desktop
AMD Ryzen 5 4500U x 1,1,AMD,7,9800.0,2.3,15,51.2,6.0,2020,13,,Mobile
AMD Ryzen 5 5500 x 1,1,AMD,7,10700.0,3.6,65,51.2,6.0,2022,15,159.0,Desktop
AMD Ryzen 5 5500U x 1,1,AMD,7,9800.0,2.1,15,51.2,6.0,2021,14,,Mobile
AMD Ryzen 5 5560U x 1,1,AMD,7,10700.0,2.3,15,51.2,6.0,2021,14,,Mobile
AMD Ryzen 5 5600G x 1,1,AMD,7,10700.0,3.9,65,51.2,6.0,2021,14,259.0,Desktop
AMD Ryzen 5 5600X x 1,1,AMD,7,4150.0,3.7,65,51.2,6.0,2020,13,299.0,Desktop
AMD Ryzen 5 7600 x 1,1,AMD,5,6570.0,3.8,65,83.2,6.0,2023,16,229.0,Desktop
AMD Ryzen 5 7600X x 1,1,AMD,5,6570.0,4.7,105,83.2,6.0,2022,15,299.0,Desktop
AMD Ryzen 5 8400F x 1,1,AMD,4,25000.0,4.2,65,83.2,6.0,2024,17,170.0,Desktop
AMD Ryzen 5 8500G x 1,1,AMD,4,20900.0,3.5,65,83.2,6.0,2024,17,179.0,Mobile
AMD Ryzen 5 8600G x 1,1,AMD,4,25000.0,4.3,65,83.2,6.0,2024,17,229.0,Desktop
AMD Ryzen 5 9600X x 1,1,AMD,4,8315.0,3.9,65,89.6,6.0,2024,17,279.0,Desktop
AMD Ryzen 5 PRO 4650G x 1,1,AMD,7,9800.0,3.7,65,51.2,6.0,2020,13,,Desktop
AMD Ryzen 5 PRO 6650U x 1,1,AMD,6,,2.9,15,76.8,6.0,2022,15,,Mobile
AMD Ryzen 7 1700 Eight-Core x 1,1,AMD,14,4800.0,3.0,65,42.7,8.0,2017,10,329.0,Desktop
AMD Ryzen 7 1700X Eight-Core x 1,1,AMD,14,4800.0,3.4,95,42.7,8.0,2017,10,399.0,Desktop
AMD Ryzen 7 1800X Eight-Core x 1,1,AMD,14,4800.0,3.6,95,42.7,8.0,2017,10,499.0,Desktop
AMD Ryzen 7 2700 Eight-Core x 1,1,AMD,12,4800.0,3.2,65,46.9,8.0,2018,11,299.0,Desktop
AMD Ryzen 7 2700X Eight-Core x 1,1,AMD,12,4800.0,3.7,105,46.9,8.0,2018,11,329.0,Desktop
AMD Ryzen 7 3700X x 1,1,AMD,7,3800.0,3.6,65,51.2,8.0,2019,12,329.0,Desktop
AMD Ryzen 7 3800X x 1,1,AMD,7,3800.0,3.9,105,51.2,8.0,2019,12,399.0,Desktop
AMD Ryzen 7 3800XT x 1,1,AMD,7,3800.0,3.8,105,51.2,8.0,2020,13,399.0,Desktop
AMD Ryzen 7 4700U x 1,1,AMD,7,9800.0,,15,51.2,8.0,2020,13,,Mobile
AMD Ryzen 7 4800U x 1,1,AMD,7,9800.0,,15,51.2,8.0,2020,13,,Mobile
AMD Ryzen 7 5700G x 1,1,AMD,7,10700.0,3.8,65,51.2,8.0,2021,14,,Desktop
AMD Ryzen 7 5700X x 1,1,AMD,7,4150.0,3.4,65,51.2,8.0,2022,15,299.0,Desktop
AMD Ryzen 7 5800H x 1,1,AMD,7,10700.0,3.2,45,68.3,8.0,2021,14,,Mobile
AMD Ryzen 7 5800U x 1,1,AMD,7,10700.0,,15,51.2,8.0,2021,14,,Mobile
AMD Ryzen 7 5800X x 1,1,AMD,7,4150.0,3.8,105,51.2,8.0,2020,13,449.0,Desktop
AMD Ryzen 7 5800X3D x 1,1,AMD,7,8850.0,3.4,105,51.2,8.0,2022,15,449.0,Desktop
AMD Ryzen 7 7700 x 1,1,AMD,5,6570.0,3.8,65,83.2,8.0,2023,16,329.0,Desktop
AMD Ryzen 7 7700X x 1,1,AMD,5,6570.0,4.5,105,83.2,8.0,2022,15,399.0,Desktop
AMD Ryzen 7 7735HS x 1,1,AMD,6,,3.2,35,76.8,8.0,2023,16,,Mobile
AMD Ryzen 7 7800X3D x 1,1,AMD,5,11270.0,4.2,120,83.2,8.0,2023,16,449.0,Desktop
AMD Ryzen 7 7840HS x 1,1,AMD,4,25000.0,3.8,35,89.6,8.0,2023,16,,Mobile
AMD Ryzen 7 7840U x 1,1,AMD,4,25000.0,3.3,28,89.6,8.0,2023,16,,Mobile
AMD Ryzen 7 8700G x 1,1,AMD,4,25000.0,4.2,65,83.2,8.0,2024,17,329.0,Desktop
AMD Ryzen 7 8845HS x 1,1,AMD,4,25000.0,3.8,45,89.6,8.0,2023,16,,Mobile
AMD Ryzen 7 9700X x 1,1,AMD,4,8315.0,3.8,65,89.6,8.0,2024,17,359.0,Desktop
AMD Ryzen 7 9800X3D x 1,1,AMD,4,8315.0,4.7,120,89.6,8.0,2024,17,479.0,Desktop
AMD Ryzen 7 PRO 3700 x 1,1,AMD,7,3800.0,3.6,65,51.2,8.0,2019,12,,Desktop
AMD Ryzen 7 PRO 3700U x 1,1,AMD,12,4940.0,2.3,15,,4.0,2019,12,,Mobile
AMD Ryzen 7 PRO 4750G x 1,1,AMD,7,9800.0,3.6,65,51.2,8.0,2020,13,,Desktop
AMD Ryzen 7 PRO 5850U x 1,1,AMD,7,10700.0,,15,51.2,8.0,2021,14,,Mobile
AMD Ryzen 7 PRO 6850U x 1,1,AMD,6,,2.7,15,76.8,8.0,2022,15,,Mobile
AMD Ryzen 7 PRO 7840U x 1,1,AMD,4,25000.0,3.3,28,89.6,8.0,2024,17,,Server/Workstation
AMD Ryzen 9 3900X x 1,1,AMD,7,7600.0,3.8,105,51.2,12.0,2019,12,499.0,Desktop
AMD Ryzen 9 3900XT x 1,1,AMD,7,7600.0,3.9,105,51.2,12.0,2020,13,499.0,Desktop
AMD Ryzen 9 3950X x 1,1,AMD,7,7600.0,3.5,105,51.2,16.0,2019,12,749.0,Desktop
AMD Ryzen 9 5900HX x 1,1,AMD,7,10700.0,3.3,45,68.3,8.0,2021,14,,Mobile
AMD Ryzen 9 5900X x 1,1,AMD,7,8300.0,3.7,105,51.2,12.0,2020,13,549.0,Desktop
AMD Ryzen 9 5950X x 1,1,AMD,7,8300.0,3.4,105,51.2,16.0,2020,13,799.0,Desktop
AMD Ryzen 9 6900HX x 1,1,AMD,6,,3.3,45,76.8,8.0,2022,15,,Mobile
AMD Ryzen 9 7900 x 1,1,AMD,5,13140.0,3.7,65,83.2,12.0,2023,16,429.0,Desktop
AMD Ryzen 9 7900X x 1,1,AMD,5,13140.0,4.7,170,83.2,12.0,2022,15,549.0,Desktop
AMD Ryzen 9 7900X3D x 1,1,AMD,5,17840.0,4.4,120,83.2,12.0,2023,16,599.0,Desktop
AMD Ryzen 9 7950X x 1,1,AMD,5,13140.0,4.5,170,83.2,16.0,2022,15,699.0,Desktop
AMD Ryzen 9 7950X3D x 1,1,AMD,5,17840.0,4.2,120,83.2,16.0,2023,16,699.0,Desktop
AMD Ryzen 9 9900X x 1,1,AMD,4,16630.0,4.4,120,89.6,12.0,2024,17,499.0,Desktop
AMD Ryzen 9 9900X3D x 1,1,AMD,4,16630.0,4.4,120,89.6,12.0,2025,18,599.0,Desktop
AMD Ryzen 9 9950X x 1,1,AMD,4,16630.0,4.3,170,89.6,16.0,2024,17,649.0,Desktop
AMD Ryzen 9 9950X3D x 1,1,AMD,4,16630.0,4.3,170,89.6,16.0,2025,18,699.0,Desktop
AMD Ryzen 9 PRO 3900 x 1,1,AMD,6,,3.3,45,76.8,8.0,2022,15,,Mobile
AMD Ryzen AI 5 340 x 1,1,AMD,4,,,28,89.6,6.0,2025,18,,Mobile
AMD Ryzen AI 7 PRO 360 x 1,1,AMD,4,,,28,89.6,8.0,2025,18,,Mobile
AMD Ryzen AI 9 365 x 1,1,AMD,4,,,28,89.6,10.0,2024,17,,Mobile
AMD Ryzen AI 9 HX 370 x 1,1,AMD,4,,,28,89.6,12.0,2024,17,,Mobile
AMD Ryzen AI MAX+ PRO 395 x 1,1,AMD,4,,3.0,55,256.0,16.0,2025,18,,Mobile
AMD Ryzen Threadripper 1900X x 1,1,AMD,14,9600.0,3.8,180,85.3,8.0,2017,10,549.0,Desktop
AMD Ryzen Threadripper 1950X x 1,1,AMD,14,9600.0,3.4,180,85.3,16.0,2017,10,999.0,Desktop
AMD Ryzen Threadripper 2920X x 1,1,AMD,12,9600.0,3.5,180,93.9,12.0,2018,11,649.0,Desktop
AMD Ryzen Threadripper 2950X x 1,1,AMD,12,9600.0,3.5,180,93.9,16.0,2018,11,899.0,Desktop
AMD Ryzen Threadripper 2970WX x 1,1,AMD,12,19200.0,3.0,250,93.9,24.0,2018,11,1299.0,Desktop
AMD Ryzen Threadripper 2990WX x 1,1,AMD,12,19200.0,3.0,250,93.9,32.0,2018,11,1799.0,Desktop
AMD Ryzen Threadripper 3960X x 1,1,AMD,7,15200.0,3.8,280,102.4,24.0,2019,12,1399.0,Desktop
AMD Ryzen Threadripper 3970X x 1,1,AMD,7,15200.0,3.7,280,102.4,32.0,2019,12,1999.0,Desktop
AMD Ryzen Threadripper 3990X x 1,1,AMD,7,30400.0,2.9,280,102.4,64.0,2020,13,3990.0,Desktop
AMD Ryzen Threadripper 7970X x 1,1,AMD,5,26280.0,4.0,350,166.4,32.0,2023,16,2499.0,Desktop
AMD Ryzen Threadripper 7980X x 1,1,AMD,5,52560.0,3.2,350,166.4,64.0,2023,16,4999.0,Desktop
AMD Ryzen Threadripper 9970X x 1,1,AMD,4,33260.0,4.0,350,204.8,32.0,2025,18,2499.0,Desktop
AMD Ryzen Threadripper 9980X x 1,1,AMD,4,66520.0,3.2,350,204.8,64.0,2025,18,4999.0,Desktop
AMD Ryzen Threadripper PRO 3975WX x 1,1,AMD,7,15200.0,3.5,280,204.8,32.0,2020,13,2749.0,Desktop
AMD Ryzen Threadripper PRO 5965WX x 1,1,AMD,7,16600.0,3.8,280,204.8,24.0,2022,15,2399.0,Server/Workstation
AMD Ryzen Threadripper PRO 7995WX x 1,1,AMD,5,78840.0,2.5,350,332.8,96.0,2023,16,9999.0,Server/Workstation
AMD Ryzen Threadripper PRO 9995WX x 1,1,AMD,4,99780.0,2.5,350,409.6,96.0,2025,18,11700.0,Server/Workstation
AMD Ryzen Z1 Extreme x 1,1,AMD,4,25000.0,3.3,15,89.6,8.0,2023,16,,Mobile
INTEL XEON PLATINUM 8592+ x 1,1,Intel,10,,,350,358.4,64.0,2023,16,11600.0,Server/Workstation
INTEL XEON PLATINUM 8592+ x 2,2,Intel,10,,,350,358.4,64.0,2023,16,11600.0,Server/Workstation
Intel Celeron G5900 x 1,1,Intel,14,,3.4,58,42.7,2.0,2020,13,,Desktop
Intel Celeron G6900 x 1,1,Intel,10,,3.4,46,,2.0,2022,15,52.0,Desktop
Intel Celeron J3455 x 1,1,Intel,32,504.0,,17,,1.0,2011,4,,Mobile
Intel Celeron N2830 x 1,1,Intel,22,,2.16,7,,2.0,2014,7,,Mobile
Intel Celeron N3350 x 1,1,Intel,32,504.0,,17,,1.0,2011,4,,Mobile
Intel Core 2 Duo E8500 x 1,1,Intel,45,410.0,3.166,65,,2.0,2008,1,,Desktop
Intel Core 2 Duo P7350 x 1,1,Intel,45,420.0,2.667,65,,2.0,2008,1,,Desktop
Intel Core 2 Duo T7100 x 1,1,Intel,65,293.0,,35,,2.0,2007,0,,Mobile
Intel Core 2 Duo T7700 x 1,1,Intel,65,293.0,2.4,35,,2.0,2007,0,,Mobile
Intel Core 2 Duo T9500 x 1,1,Intel,45,410.0,2.6,35,,2.0,2008,1,530.0,Mobile
Intel Core Ultra 5 245K x 1,1,Intel,3,17800.0,4.2,125,102.4,14.0,2024,17,319.0,Desktop
Intel Core Ultra 7 155H x 1,1,Intel,7,,3.8,28,89.6,16.0,2023,16,503.0,Mobile
Intel Core Ultra 7 165U x 1,1,Intel,7,,,15,89.6,12.0,2023,16,448.0,Mobile
Intel Core Ultra 7 256V x 1,1,Intel,3,,2.2,17,,8.0,2024,17,,Mobile
Intel Core Ultra 7 258V x 1,1,Intel,3,,2.2,17,,8.0,2024,17,,Mobile
Intel Core Ultra 9 285K x 1,1,Intel,3,17800.0,3.7,125,102.4,24.0,2024,17,589.0,Desktop
Intel Core i3-1005G1 x 1,1,Intel,10,,,15,51.2,2.0,2019,12,,Mobile
Intel Core i3-10100 x 1,1,Intel,14,,3.6,65,42.7,4.0,2020,13,,Desktop
Intel Core i3-12100 x 1,1,Intel,10,,3.3,60,,4.0,2022,15,122.0,Desktop
Intel Core i3-14100 x 1,1,Intel,10,,3.5,60,,4.0,2024,17,134.0,Desktop
Intel Core i3-2120 x 1,1,Intel,32,504.0,3.3,65,21.3,2.0,2011,4,138.0,Desktop
Intel Core i3-3110M x 1,1,Intel,22,,2.4,35,,2.0,2012,5,,Mobile
Intel Core i3-4130 x 1,1,Intel,22,1400.0,3.4,54,,2.0,2013,6,,Desktop
Intel Core i3-7020U x 1,1,Intel,14,1300.0,2.2,15,25.6,2.0,2015,8,281.0,Mobile
Intel Core i3-7100 x 1,1,Intel,14,,3.9,51,38.4,2.0,2017,10,,Desktop
Intel Core i3-8100 x 1,1,Intel,14,,3.6,65,38.4,4.0,2017,10,117.0,Desktop
Intel Core i3-8100T x 1,1,Intel,14,,3.1,35,38.4,4.0,2018,11,117.0,Desktop
Intel Core i5 460M x 1,1,Intel,32,382.0,2.534,35,,2.0,2010,3,,Mobile
Intel Core i5 x 1,1,Intel,14,,2.4,45,46.9,4.0,2020,13,,Mobile
Intel Core i5-10210U x 1,1,Intel,14,,,25,,4.0,2019,12,,Mobile
Intel Core i5-1035G1 x 1,1,Intel,10,,,15,51.2,4.0,2019,12,,Mobile
Intel Core i5-10600K x 1,1,Intel,14,,4.1,125,42.7,6.0,2020,13,,Desktop
Intel Core i5-1135G7 x 1,1,Intel,10,,,15,,4.0,2020,13,309.0,Mobile
Intel Core i5-11600K x 1,1,Intel,14,,3.9,125,51.2,6.0,2021,14,262.0,Desktop
Intel Core i5-12400 x 1,1,Intel,10,,2.5,65,,6.0,2022,15,199.0,Desktop
Intel Core i5-12600 x 1,1,Intel,10,,3.3,65,,6.0,2022,15,233.0,Desktop
Intel Core i5-12600K x 1,1,Intel,10,,3.7,125,,10.0,2021,14,289.0,Desktop
Intel Core i5-1334U x 1,1,Intel,10,,,15,,10.0,2023,16,340.0,Mobile
Intel Core i5-13400 x 1,1,Intel,10,,2.5,65,,10.0,2023,16,221.0,Desktop
Intel Core i5-13600K x 1,1,Intel,10,,3.5,125,,14.0,2022,15,319.0,Desktop
Intel Core i5-14400F x 1,1,Intel,10,,2.5,65,,10.0,2024,17,196.0,Desktop
Intel Core i5-14500 x 1,1,Intel,10,,2.6,65,,14.0,2024,17,232.0,Desktop
Intel Core i5-14600K x 1,1,Intel,10,,3.5,125,,14.0,2023,16,319.0,Desktop
Intel Core i5-2400 x 1,1,Intel,32,1160.0,3.1,95,,4.0,2011,4,,Desktop
Intel Core i5-2410M x 1,1,Intel,32,624.0,2.3,35,,2.0,2011,4,,Mobile
Intel Core i5-2500S x 1,1,Intel,32,1160.0,2.7,65,,4.0,2011,4,,Desktop
Intel Core i5-2520M x 1,1,Intel,32,624.0,2.5,35,,2.0,2011,4,,Mobile
Intel Core i5-3320M x 1,1,Intel,22,,2.6,35,,2.0,2012,5,,Mobile
Intel Core i5-3427U x 1,1,Intel,22,,,17,,2.0,2012,5,,Mobile
Intel Core i5-3470 x 1,1,Intel,22,1400.0,3.2,77,25.6,4.0,2012,5,184.0,Desktop
Intel Core i5-3550 x 1,1,Intel,22,1400.0,3.3,77,25.6,4.0,2012,5,194.0,Desktop
Intel Core i5-3570K x 1,1,Intel,22,1400.0,3.4,77,25.6,4.0,2012,5,212.0,Desktop
Intel Core i5-4210U x 1,1,Intel,22,1400.0,,15,,2.0,2014,7,,Mobile
Intel Core i5-4278U x 1,1,Intel,22,1400.0,2.4,28,,2.0,2013,6,,Mobile
Intel Core i5-4300M x 1,1,Intel,22,1400.0,2.6,37,,2.0,2013,6,,Mobile
Intel Core i5-4430 x 1,1,Intel,22,1400.0,3.0,84,,4.0,2013,6,,Desktop
Intel Core i5-4460 x 1,1,Intel,22,1400.0,3.2,84,25.6,4.0,2014,7,187.0,Desktop
Intel Core i5-4670 x 1,1,Intel,22,1400.0,3.4,84,,4.0,2013,6,,Desktop
Intel Core i5-5200U x 1,1,Intel,14,1300.0,2.2,15,25.6,2.0,2015,8,281.0,Mobile
Intel Core i5-5300U x 1,1,Intel,14,1300.0,2.3,15,25.6,2.0,2015,8,315.0,Mobile
Intel Core i5-6200U x 1,1,Intel,22,1400.0,,15,,2.0,2013,6,,Mobile
Intel Core i5-6260U x 1,1,Intel,10,,3.3,65,,6.0,2022,15,233.0,Desktop
Intel Core i5-6300U x 1,1,Intel,14,1300.0,2.3,15,25.6,2.0,2015,8,315.0,Mobile
Intel Core i5-6500 x 1,1,Intel,14,,3.2,65,34.1,4.0,2015,8,,Desktop
Intel Core i5-6500T x 1,1,Intel,14,,2.5,35,34.1,4.0,2015,8,,Desktop
Intel Core i5-7200U x 1,1,Intel,22,1400.0,,15,,2.0,2013,6,,Mobile
Intel Core i5-7600K x 1,1,Intel,14,,3.8,91,38.4,4.0,2017,10,,Desktop
Intel Core i5-8250U x 1,1,Intel,14,,,15,,4.0,2017,10,,Mobile
Intel Core i5-8300H x 1,1,Intel,14,,2.3,45,,4.0,2018,11,,Mobile
Intel Core i5-8400 x 1,1,Intel,14,,2.8,65,42.7,6.0,2017,10,182.0,Desktop
Intel Core i5-8400H x 1,1,Intel,14,,2.5,45,,4.0,2018,11,,Mobile
Intel Core i5-8600K x 1,1,Intel,14,,3.6,95,42.7,6.0,2017,10,257.0,Desktop
Intel Core i5-9400F x 1,1,Intel,14,,2.9,65,42.7,6.0,2019,12,,Desktop
Intel Core i7 920 x 1,1,Intel,45,731.0,2.666,130,,4.0,2008,1,,Desktop
Intel Core i7 990X x 1,1,Intel,32,1170.0,3.466,130,,6.0,2011,4,,Desktop
Intel Core i7- x 1,1,Intel,14,,,25,,4.0,2019,12,,Mobile
Intel Core i7-1065G7 x 1,1,Intel,10,,,15,51.2,4.0,2019,12,,Mobile
Intel Core i7-10700T x 1,1,Intel,14,,2.9,65,46.9,8.0,2020,13,,Desktop
Intel Core i7-1165G7 x 1,1,Intel,10,,2.8,28,,4.0,2020,13,426.0,Mobile
Intel Core i7-11700B x 1,1,Intel,10,,3.2,65,51.2,8.0,2021,14,,Mobile
Intel Core i7-11700K x 1,1,Intel,14,,3.6,125,51.2,8.0,2021,14,399.0,Desktop
Intel Core i7-1185G7 x 1,1,Intel,10,,3.0,28,,4.0,2020,13,426.0,Mobile
Intel Core i7-1185G7E x 1,1,Intel,10,,,15,,4.0,2020,13,431.0,Mobile
Intel Core i7-12700K x 1,1,Intel,10,,3.6,125,,12.0,2021,14,409.0,Desktop
Intel Core i7-12700KF x 1,1,Intel,10,,3.6,125,,12.0,2021,14,384.0,Desktop
Intel Core i7-1280P x 1,1,Intel,10,,,28,,14.0,2022,15,,Mobile
Intel Core i7-2600 x 1,1,Intel,32,1160.0,3.4,95,,4.0,2011,4,,Desktop
Intel Core i7-2700K x 1,1,Intel,32,1160.0,3.5,95,21.3,4.0,2011,4,332.0,Desktop
Intel Core i7-3517U x 1,1,Intel,22,,,17,,2.0,2012,5,,Mobile
Intel Core i7-3630QM x 1,1,Intel,22,1480.0,2.4,45,25.6,4.0,2012,5,378.0,Mobile
Intel Core i7-3632QM x 1,1,Intel,22,1480.0,2.2,35,,4.0,2012,5,,Mobile
Intel Core i7-3770 x 1,1,Intel,22,1400.0,3.4,77,25.6,4.0,2012,5,278.0,Desktop
Intel Core i7-3770K x 1,1,Intel,22,1400.0,3.5,77,25.6,4.0,2012,5,313.0,Desktop
Intel Core i7-4558U x 1,1,Intel,22,1300.0,2.8,28,,2.0,2013,6,,Mobile
Intel Core i7-4600U x 1,1,Intel,22,1300.0,2.1,15,,2.0,2013,6,,Mobile
Intel Core i7-4770K x 1,1,Intel,22,1400.0,3.5,84,25.6,4.0,2013,6,350.0,Desktop
Intel Core i7-4790 x 1,1,Intel,22,1400.0,3.6,84,25.6,4.0,2014,7,312.0,Desktop
Intel Core i7-4790K x 1,1,Intel,22,1400.0,4.0,88,25.6,4.0,2014,7,350.0,Desktop
Intel Core i7-4960X x 1,1,Intel,22,1860.0,3.6,130,,6.0,2013,6,,Desktop
Intel Core i7-5500U x 1,1,Intel,14,1300.0,2.4,15,25.6,2.0,2015,8,393.0,Mobile
Intel Core i7-5557U x 1,1,Intel,14,1900.0,3.1,28,29.9,2.0,2015,8,426.0,Mobile
Intel Core i7-5600U x 1,1,Intel,14,1300.0,2.6,15,25.6,2.0,2015,8,393.0,Mobile
Intel Core i7-5820K x 1,1,Intel,22,2600.0,3.3,140,68.3,6.0,2014,7,,Desktop
Intel Core i7-5960X x 1,1,Intel,22,2600.0,3.0,140,68.3,8.0,2014,7,,Desktop
Intel Core i7-6500U x 1,1,Intel,22,1300.0,,15,,2.0,2013,6,,Mobile
Intel Core i7-6700 x 1,1,Intel,14,,3.4,65,34.1,4.0,2015,8,303.0,Desktop
Intel Core i7-6700HQ x 1,1,Intel,22,1400.0,2.4,47,25.6,4.0,2013,6,,Mobile
Intel Core i7-6700K x 1,1,Intel,14,,4.0,91,34.1,4.0,2015,8,339.0,Desktop
Intel Core i7-6800K x 1,1,Intel,14,3400.0,3.4,140,76.8,6.0,2016,9,434.0,Desktop
Intel Core i7-7700 x 1,1,Intel,14,,3.6,65,38.4,4.0,2017,10,,Desktop
Intel Core i7-7700K x 1,1,Intel,14,,4.2,91,38.4,4.0,2017,10,,Desktop
Intel Core i7-7740K x 1,1,Intel,14,,4.3,112,,4.0,2017,10,,Desktop
Intel Core i7-7900X x 1,1,Intel,14,,3.5,140,76.8,6.0,2017,10,383.0,Desktop
Intel Core i7-8086K x 1,1,Intel,14,,4.0,95,42.7,6.0,2018,11,425.0,Desktop
Intel Core i7-8550U x 1,1,Intel,14,,,15,,4.0,2017,10,,Mobile
Intel Core i7-8559U x 1,1,Intel,14,,2.7,28,,4.0,2018,11,,Mobile
Intel Core i7-8565U x 1,1,Intel,14,,,15,38.4,4.0,2018,11,409.0,Mobile
Intel Core i7-8700 x 1,1,Intel,14,,3.2,65,42.7,6.0,2017,10,303.0,Desktop
Intel Core i7-8700B x 1,1,Intel,14,,3.2,65,42.7,6.0,2018,11,303.0,Desktop
Intel Core i7-8700K x 1,1,Intel,14,,3.7,95,42.7,6.0,2017,10,359.0,Desktop
Intel Core i7-8809G x 1,1,Intel,14,,3.1,65,,4.0,2018,11,,Mobile
Intel Core i7-9700TE x 1,1,Intel,14,,,35,42.7,8.0,2019,12,323.0,Desktop
Intel Core i7-9750H x 1,1,Intel,14,,2.6,45,42.7,6.0,2019,12,,Mobile
Intel Core i7-9850H x 1,1,Intel,14,,2.6,45,42.7,6.0,2019,12,,Mobile
Intel Core i9-10850K x 1,1,Intel,14,,3.6,125,46.9,10.0,2020,13,,Desktop
Intel Core i9-10885H x 1,1,Intel,14,,2.4,45,46.9,8.0,2020,13,556.0,Mobile
Intel Core i9-10900K x 1,1,Intel,14,,3.7,125,46.9,10.0,2020,13,547.0,Desktop
Intel Core i9-10900KF x 1,1,Intel,14,,3.7,125,46.9,10.0,2020,13,509.0,Desktop
Intel Core i9-10980XE x 1,1,Intel,14,,3.0,165,93.9,18.0,2019,12,1076.0,Desktop
Intel Core i9-11900K x 1,1,Intel,14,,3.5,125,51.2,8.0,2021,14,539.0,Desktop
Intel Core i9-11980HK x 1,1,Intel,10,,2.6,45,51.2,8.0,2021,14,583.0,Mobile
Intel Core i9-12900H x 1,1,Intel,10,,2.5,45,,14.0,2022,15,,Mobile
Intel Core i9-12900K x 1,1,Intel,10,,3.2,125,,16.0,2021,14,599.0,Desktop
Intel Core i9-13900K x 1,1,Intel,10,,3.0,125,,24.0,2022,15,589.0,Desktop
Intel Core i9-14900K x 1,1,Intel,10,,3.2,125,,24.0,2023,16,589.0,Desktop
Intel Core i9-7960X x 1,1,Intel,14,,2.8,165,85.3,16.0,2017,10,1699.0,Desktop
Intel Core i9-7980XE x 1,1,Intel,14,,2.6,165,85.3,18.0,2017,10,1999.0,Desktop
Intel Core i9-9900 x 1,1,Intel,14,,3.1,65,42.7,8.0,2019,12,423.0,Desktop
Intel Core i9-9900K x 1,1,Intel,14,,3.6,95,42.7,8.0,2018,11,488.0,Desktop
Intel Core i9-9900KS x 1,1,Intel,14,,4.0,127,42.7,8.0,2019,12,513.0,Desktop
Intel Core m3-6Y30 x 1,1,Intel,14,,,5,29.9,2.0,2015,8,281.0,Mobile
Intel Core m3-7Y30 x 1,1,Intel,14,,,5,29.9,2.0,2015,8,281.0,Mobile
Intel N150 x 1,1,Intel,10,,,6,38.4,4.0,2024,17,,Mobile
Intel Pentium G4400 x 1,1,Intel,14,1400.0,3.3,51,34.1,2.0,2015,8,,Desktop
Intel Pentium Gold G6400 x 1,1,Intel,14,,4.0,58,42.7,2.0,2020,13,,Desktop
Intel Xeon 6369P x 1,1,Intel,10,,3.3,95,,8.0,2025,18,606.0,Server/Workstation
Intel Xeon 6728P x 4,4,Intel,5,,2.7,210,409.6,24.0,2025,18,2478.0,Server/Workstation
Intel Xeon 6766E x 1,1,Intel,5,,,250,409.6,144.0,2024,17,10257.0,Server/Workstation
Intel Xeon 6766E x 2,2,Intel,5,,,250,409.6,144.0,2024,17,10257.0,Server/Workstation
Intel Xeon 6780E x 1,1,Intel,5,,2.2,330,409.6,144.0,2024,17,11350.0,Server/Workstation
Intel Xeon 6980P x 1,1,Intel,5,,,500,614.4,128.0,2024,17,12460.0,Server/Workstation
Intel Xeon 6980P x 2,2,Intel,5,,,500,614.4,128.0,2024,17,12460.0,Server/Workstation
Intel Xeon E E-2488 x 1,1,Intel,10,,3.2,95,76.8,8.0,2023,16,606.0,Server/Workstation
Intel Xeon E-2278G x 1,1,Intel,14,,3.4,95,42.7,8.0,2019,12,494.0,Server/Workstation
Intel Xeon E-2278GEL x 1,1,Intel,14,,,35,42.7,8.0,2019,12,519.0,Server/Workstation
Intel Xeon E-2288G x 1,1,Intel,14,,3.7,95,42.7,8.0,2019,12,539.0,Server/Workstation
Intel Xeon E-2336 x 1,1,Intel,14,,2.9,65,51.2,6.0,2021,14,284.0,Server/Workstation
Intel Xeon E-2388G x 1,1,Intel,14,,3.2,95,51.2,8.0,2021,14,539.0,Server/Workstation
Intel Xeon E3-1231 v3 x 1,1,Intel,22,1400.0,3.4,80,25.6,4.0,2014,7,250.0,Server/Workstation
Intel Xeon E3-1235L v5 x 1,1,Intel,14,1750.0,,25,34.1,4.0,2015,8,250.0,Server/Workstation
Intel Xeon E3-1240 v5 x 1,1,Intel,14,1750.0,3.5,80,34.1,4.0,2015,8,282.0,Server/Workstation
Intel Xeon E3-1245 v5 x 1,1,Intel,14,1750.0,3.5,80,34.1,4.0,2015,8,294.0,Server/Workstation
Intel Xeon E3-1260L v5 x 1,1,Intel,14,1750.0,2.9,45,34.1,4.0,2015,8,294.0,Server/Workstation
Intel Xeon E3-1270 v5 x 1,1,Intel,14,1750.0,3.6,80,34.1,4.0,2015,8,339.0,Server/Workstation
Intel Xeon E3-1275 v6 x 1,1,Intel,14,1400.0,4.1,79,,4.0,2017,10,,Server/Workstation
Intel Xeon E3-1280 v5 x 1,1,Intel,14,1750.0,3.7,80,,4.0,2015,8,612.0,Server/Workstation
Intel Xeon E3-12xx v2 x 1,1,Intel,32,1160.0,,25,,4.0,2012,5,,Server/Workstation
Intel Xeon E5-1680 v3 x 1,1,Intel,22,2600.0,3.2,140,68.3,8.0,2014,7,,Server/Workstation
Intel Xeon E5-2609 v4 x 1,1,Intel,32,1270.0,2.4,80,,4.0,2012,5,,Server/Workstation
Intel Xeon E5-2620 v2 x 2,2,Intel,22,1400.0,2.1,80,,6.0,2013,6,,Server/Workstation
Intel Xeon E5-2643 v3 x 2,2,Intel,22,2600.0,3.4,135,68.3,6.0,2014,7,1552.0,Server/Workstation
Intel Xeon E5-2650 0 x 2,2,Intel,32,2270.0,,95,,8.0,2012,5,,Server/Workstation
Intel Xeon E5-2670 0 x 2,2,Intel,32,2270.0,2.6,115,,8.0,2012,5,,Server/Workstation
Intel Xeon E5-2678 v3 x 2,2,Intel,22,2600.0,2.5,120,68.3,12.0,2015,8,,Server/Workstation
Intel Xeon E5-2680 v2 x 2,2,Intel,22,1400.0,2.8,115,,10.0,2013,6,,Server/Workstation
Intel Xeon E5-2683 v4 x 2,2,Intel,22,2600.0,,120,68.3,14.0,2014,7,1846.0,Server/Workstation
Intel Xeon E5-2687W 0 x 2,2,Intel,32,2270.0,3.1,150,,8.0,2012,5,,Server/Workstation
Intel Xeon E5-2687W v3 x 1,1,Intel,22,2600.0,3.1,160,68.3,10.0,2014,7,2141.0,Server/Workstation
Intel Xeon E5-2690 v4 x 2,2,Intel,14,3400.0,2.2,105,68.3,12.0,2016,9,1166.0,Server/Workstation
Intel Xeon E5-2696 v4 x 2,2,Intel,22,5690.0,2.3,145,68.3,18.0,2014,7,,Server/Workstation
Intel Xeon E5-2699 v4 x 2,2,Intel,14,7200.0,2.4,145,76.8,22.0,2016,9,4938.0,Desktop
Intel Xeon E5-4620 v4 x 4,4,Intel,14,3400.0,3.5,140,76.8,4.0,2016,9,294.0,Desktop
Intel Xeon Gold 5215 x 1,1,Intel,10,,2.9,150,281.6,8.0,2023,16,1076.0,Server/Workstation
Intel Xeon Gold 5217 x 1,1,Intel,10,,3.0,150,187.7,12.0,2021,14,,Server/Workstation
Intel Xeon Gold 5218 x 1,1,Intel,14,,2.5,150,128.0,18.0,2021,14,,Server/Workstation
Intel Xeon Gold 5218 x 2,2,Intel,14,,2.5,150,128.0,18.0,2021,14,,Server/Workstation
Intel Xeon Gold 5220R x 1,1,Intel,10,,2.2,185,191.6,26.0,2021,14,,Server/Workstation
Intel Xeon Gold 5220R x 2,2,Intel,10,,2.2,185,191.6,26.0,2021,14,,Server/Workstation
Intel Xeon Gold 5412U x 1,1,Intel,10,,2.1,185,281.6,24.0,2023,16,1113.0,Server/Workstation
Intel Xeon Gold 5416S x 1,1,Intel,10,,,150,281.6,16.0,2023,16,944.0,Server/Workstation
Intel Xeon Gold 6130 x 2,2,Intel,10,,,205,204.8,28.0,2021,14,,Server/Workstation
Intel Xeon Gold 6138 x 2,2,Intel,10,,2.2,185,170.7,32.0,2021,14,,Server/Workstation
Intel Xeon Gold 6140 x 2,2,Intel,14,8000.0,3.0,200,,18.0,2017,10,,Server/Workstation
Intel Xeon Gold 6142 x 2,2,Intel,10,,2.8,230,204.8,24.0,2021,14,,Server/Workstation
Intel Xeon Gold 6144 x 2,2,Intel,14,8000.0,3.0,200,,18.0,2017,10,,Server/Workstation
Intel Xeon Gold 6226R x 1,1,Intel,10,,2.9,185,204.8,16.0,2021,14,,Server/Workstation
Intel Xeon Gold 6226R x 2,2,Intel,10,,2.9,185,204.8,16.0,2021,14,,Server/Workstation
Intel Xeon Gold 6248R x 2,2,Intel,10,,2.6,235,204.8,28.0,2021,14,,Server/Workstation
Intel Xeon Gold 6254 x 2,2,Intel,14,8000.0,3.0,200,,18.0,2017,10,,Server/Workstation
Intel Xeon Gold 6254 x 4,4,Intel,14,8000.0,3.0,200,,18.0,2017,10,,Server/Workstation
Intel Xeon Gold 6258R x 1,1,Intel,10,,2.9,185,204.8,16.0,2021,14,,Server/Workstation
Intel Xeon Gold 6338 x 1,1,Intel,10,,2.2,185,170.7,32.0,2021,14,,Server/Workstation
Intel Xeon Gold 6338 x 2,2,Intel,10,,2.2,185,170.7,32.0,2021,14,,Server/Workstation
Intel Xeon Gold 6342 x 1,1,Intel,10,,2.8,230,204.8,24.0,2021,14,,Server/Workstation
Intel Xeon Gold 6342 x 2,2,Intel,10,,2.8,230,204.8,24.0,2021,14,,Server/Workstation
Intel Xeon Gold 6346 x 1,1,Intel,10,,3.1,205,204.8,16.0,2021,14,,Server/Workstation
Intel Xeon Gold 6346 x 2,2,Intel,10,,3.1,205,204.8,16.0,2021,14,,Server/Workstation
Intel Xeon Gold 6414U x 1,1,Intel,10,,,250,307.2,32.0,2023,16,2296.0,Server/Workstation
Intel Xeon Gold 6442Y x 1,1,Intel,10,,2.6,225,307.2,24.0,2023,16,2065.0,Server/Workstation
Intel Xeon Gold 6442Y x 2,2,Intel,10,,2.6,225,307.2,24.0,2023,16,2065.0,Server/Workstation
Intel Xeon Gold 6444Y x 2,2,Intel,10,,3.6,270,307.2,16.0,2023,16,1517.0,Server/Workstation
Intel Xeon L5640 x 2,2,Intel,32,1170.0,2.266,60,,6.0,2010,3,,Server/Workstation
Intel Xeon Max 9468 x 1,1,Intel,10,,2.1,350,307.2,48.0,2023,16,9900.0,Server/Workstation
Intel Xeon Max 9468 x 2,2,Intel,10,,2.1,350,307.2,48.0,2023,16,9900.0,Server/Workstation
Intel Xeon Max 9480 x 1,1,Intel,10,,,350,307.2,56.0,2023,16,12980.0,Server/Workstation
Intel Xeon Max 9480 x 2,2,Intel,10,,,350,307.2,56.0,2023,16,12980.0,Server/Workstation
Intel Xeon Platinum 8253 x 1,1,Intel,14,8000.0,2.2,125,,16.0,2018,11,,Server/Workstation
Intel Xeon Platinum 8259L x 2,2,Intel,10,,,350,307.2,56.0,2023,16,,Server/Workstation
Intel Xeon Platinum 8260 x 2,2,Intel,14,8000.0,2.4,165,,24.0,2018,11,,Server/Workstation
Intel Xeon Platinum 8272CL x 2,2,Intel,10,,,350,307.2,56.0,2023,16,,Server/Workstation
Intel Xeon Platinum 8280 x 1,1,Intel,14,8000.0,2.7,205,,28.0,2018,11,,Server/Workstation
Intel Xeon Platinum 8280 x 2,2,Intel,14,8000.0,2.7,205,,28.0,2018,11,,Server/Workstation
Intel Xeon Platinum 8362 x 1,1,Intel,10,,2.8,265,204.8,32.0,2021,14,,Server/Workstation
Intel Xeon Platinum 8362 x 2,2,Intel,10,,2.8,265,204.8,32.0,2021,14,,Server/Workstation
Intel Xeon Platinum 8380 x 1,1,Intel,10,,2.3,270,204.8,40.0,2021,14,,Server/Workstation
Intel Xeon Platinum 8380 x 2,2,Intel,10,,2.3,270,204.8,40.0,2021,14,,Server/Workstation
Intel Xeon Platinum 8462Y+ x 1,1,Intel,10,,2.8,300,307.2,32.0,2023,16,5945.0,Server/Workstation
Intel Xeon Platinum 8462Y+ x 2,2,Intel,10,,2.8,300,307.2,32.0,2023,16,5945.0,Server/Workstation
Intel Xeon Platinum 8468 x 1,1,Intel,10,,2.1,350,307.2,48.0,2023,16,7214.0,Server/Workstation
Intel Xeon Platinum 8468 x 2,2,Intel,10,,2.1,350,307.2,48.0,2023,16,7214.0,Server/Workstation
Intel Xeon Platinum 8471N x 1,1,Intel,10,,,300,307.2,52.0,2023,16,5171.0,Server/Workstation
Intel Xeon Platinum 8480+ x 1,1,Intel,10,,,350,307.2,56.0,2023,16,10710.0,Server/Workstation
Intel Xeon Platinum 8490H x 1,1,Intel,10,,,350,307.2,60.0,2023,16,17000.0,Server/Workstation
Intel Xeon Platinum 8490H x 2,2,Intel,10,,,350,307.2,60.0,2023,16,17000.0,Server/Workstation
Intel Xeon Platinum x 2,2,Intel,10,,,350,307.2,56.0,2023,16,,Server/Workstation
Intel Xeon Silver 4108 x 1,1,Intel,10,,2.1,120,170.7,12.0,2021,14,,Server/Workstation
Intel Xeon Silver 4210 x 2,2,Intel,10,,2.1,120,170.7,12.0,2021,14,,Server/Workstation
Intel Xeon Silver 4214 x 2,2,Intel,10,,2.4,135,170.7,16.0,2021,14,,Server/Workstation
Intel Xeon Silver 4214R x 1,1,Intel,10,,2.4,135,170.7,16.0,2021,14,,Server/Workstation
Intel Xeon Silver 4215R x 1,1,Intel,14,8000.0,2.1,85,,12.0,2017,10,,Server/Workstation
Intel Xeon Silver 4216 x 1,1,Intel,14,8000.0,2.1,85,,12.0,2017,10,,Server/Workstation
Intel Xeon W-1370P x 1,1,Intel,14,,3.6,125,51.2,8.0,2021,14,428.0,Server/Workstation
Intel Xeon W-2123 x 1,1,Intel,14,,3.6,120,85.3,4.0,2017,10,294.0,Server/Workstation
Intel Xeon W-2295 x 1,1,Intel,14,,2.3,140,85.3,18.0,2017,10,2553.0,Server/Workstation
Intel Xeon X5675 x 2,2,Intel,32,1170.0,3.066,95,,6.0,2011,4,,Server/Workstation
